Function,DLL,Occurence,Family,Associated
_CorExeMain,MSCOREE,1,"{""msilzilla"": 1}",
ReadFile,KERNEL32,14,"{""rozena"": 9, ""shelma"": 5}",Enumeration
SizeofResource,KERNEL32,4,"{""rozena"": 4}",
WriteFile,KERNEL32,16,"{""rozena"": 10, ""shelma"": 5, ""shelm"": 1}",Helper
VirtualAlloc,KERNEL32,18,"{""rozena"": 16, ""shelm"": 1, ""cobaltstrike"": 1}",Injection
CreateFileW,KERNEL32,11,"{""rozena"": 6, ""shelma"": 5}",
FreeResource,KERNEL32,1,"{""rozena"": 1}",
Sleep,KERNEL32,16,"{""rozena"": 15, ""shelma"": 1}",Anti-Debugging
GetLastError,KERNEL32,21,"{""rozena"": 16, ""shelma"": 5}",
CreateFileA,KERNEL32,8,"{""rozena"": 7, ""shelm"": 1}",Helper
LockResource,KERNEL32,4,"{""rozena"": 4}",Helper
DeleteFileW,KERNEL32,9,"{""rozena"": 4, ""shelma"": 5}",
CloseHandle,KERNEL32,16,"{""rozena"": 10, ""shelma"": 5, ""shelm"": 1}",
LoadResource,KERNEL32,4,"{""rozena"": 4}",Evasion
FindResourceW,KERNEL32,4,"{""rozena"": 4}",
GetCurrentDirectoryW,KERNEL32,5,"{""rozena"": 4, ""shelma"": 1}",
GetFileSize,KERNEL32,4,"{""rozena"": 4}",
WriteConsoleW,KERNEL32,15,"{""rozena"": 9, ""shelma"": 5, ""shelm"": 1}",
SetEndOfFile,KERNEL32,14,"{""rozena"": 9, ""shelma"": 5}",
HeapReAlloc,KERNEL32,14,"{""rozena"": 9, ""shelma"": 5}",Injection
HeapSize,KERNEL32,14,"{""rozena"": 9, ""shelma"": 5}",
FlushFileBuffers,KERNEL32,14,"{""rozena"": 9, ""shelma"": 5}",
UnhandledExceptionFilter,KERNEL32,15,"{""rozena"": 9, ""shelma"": 5, ""cobaltstrike"": 1}",
SetUnhandledExceptionFilter,KERNEL32,22,"{""rozena"": 15, ""shelma"": 5, ""shelm"": 1, ""cobaltstrike"": 1}",
GetCurrentProcess,KERNEL32,22,"{""rozena"": 16, ""shelma"": 5, ""cobaltstrike"": 1}",Enumeration
TerminateProcess,KERNEL32,16,"{""rozena"": 10, ""shelma"": 5, ""cobaltstrike"": 1}",Helper
IsProcessorFeaturePresent,KERNEL32,11,"{""rozena"": 5, ""shelma"": 5, ""cobaltstrike"": 1}",
QueryPerformanceCounter,KERNEL32,15,"{""rozena"": 9, ""shelma"": 5, ""cobaltstrike"": 1}",Anti-Debugging
GetCurrentProcessId,KERNEL32,15,"{""rozena"": 9, ""shelma"": 5, ""cobaltstrike"": 1}",Enumeration
GetCurrentThreadId,KERNEL32,15,"{""rozena"": 9, ""shelma"": 5, ""cobaltstrike"": 1}",Enumeration
GetSystemTimeAsFileTime,KERNEL32,16,"{""rozena"": 10, ""shelma"": 5, ""cobaltstrike"": 1}",Anti-Debugging
InitializeSListHead,KERNEL32,8,"{""rozena"": 2, ""shelma"": 5, ""cobaltstrike"": 1}",
IsDebuggerPresent,KERNEL32,15,"{""rozena"": 9, ""shelma"": 5, ""cobaltstrike"": 1}",Anti-Debugging
GetStartupInfoW,KERNEL32,10,"{""rozena"": 5, ""shelma"": 5}",
GetModuleHandleW,KERNEL32,16,"{""rozena"": 11, ""shelma"": 5}",
RtlUnwind,KERNEL32,9,"{""rozena"": 9}",
RaiseException,KERNEL32,14,"{""rozena"": 9, ""shelma"": 5}",
SetLastError,KERNEL32,15,"{""rozena"": 10, ""shelma"": 5}",
EncodePointer,KERNEL32,9,"{""rozena"": 4, ""shelma"": 5}",
EnterCriticalSection,KERNEL32,21,"{""rozena"": 16, ""shelma"": 5}",
LeaveCriticalSection,KERNEL32,21,"{""rozena"": 16, ""shelma"": 5}",
DeleteCriticalSection,KERNEL32,21,"{""rozena"": 16, ""shelma"": 5}",
InitializeCriticalSectionAndSpinCount,KERNEL32,14,"{""rozena"": 9, ""shelma"": 5}",
TlsAlloc,KERNEL32,16,"{""rozena"": 10, ""shelma"": 5, ""shelm"": 1}",
TlsGetValue,KERNEL32,20,"{""rozena"": 15, ""shelma"": 5}",
TlsSetValue,KERNEL32,14,"{""rozena"": 9, ""shelma"": 5}",
TlsFree,KERNEL32,15,"{""rozena"": 10, ""shelma"": 5}",
FreeLibrary,KERNEL32,20,"{""rozena"": 15, ""shelma"": 5}",
GetProcAddress,KERNEL32,22,"{""rozena"": 16, ""shelma"": 5, ""shelm"": 1}",Evasion
LoadLibraryExW,KERNEL32,10,"{""rozena"": 5, ""shelma"": 5}",
GetStdHandle,KERNEL32,15,"{""rozena"": 9, ""shelma"": 5, ""shelm"": 1}",
GetModuleFileNameW,KERNEL32,9,"{""rozena"": 4, ""shelma"": 5}",
ExitProcess,KERNEL32,16,"{""rozena"": 10, ""shelma"": 5, ""shelm"": 1}",
GetModuleHandleExW,KERNEL32,10,"{""rozena"": 5, ""shelma"": 5}",
GetCommandLineA,KERNEL32,11,"{""rozena"": 6, ""shelma"": 5}",
GetCommandLineW,KERNEL32,15,"{""rozena"": 10, ""shelma"": 5}",
HeapAlloc,KERNEL32,14,"{""rozena"": 9, ""shelma"": 5}",Injection
HeapFree,KERNEL32,14,"{""rozena"": 9, ""shelma"": 5}",
CompareStringW,KERNEL32,9,"{""rozena"": 8, ""shelma"": 1}",
LCMapStringW,KERNEL32,14,"{""rozena"": 9, ""shelma"": 5}",
GetFileType,KERNEL32,15,"{""rozena"": 10, ""shelma"": 5}",
GetConsoleOutputCP,KERNEL32,6,"{""rozena"": 5, ""shelma"": 1}",
GetConsoleMode,KERNEL32,15,"{""rozena"": 9, ""shelma"": 5, ""shelm"": 1}",
GetFileSizeEx,KERNEL32,9,"{""rozena"": 4, ""shelma"": 5}",
SetFilePointerEx,KERNEL32,10,"{""rozena"": 5, ""shelma"": 5}",
ReadConsoleW,KERNEL32,5,"{""rozena"": 4, ""shelma"": 1}",
FindClose,KERNEL32,10,"{""rozena"": 5, ""shelma"": 5}",Helper
FindFirstFileExW,KERNEL32,6,"{""rozena"": 1, ""shelma"": 5}",
FindNextFileW,KERNEL32,9,"{""rozena"": 4, ""shelma"": 5}",
IsValidCodePage,KERNEL32,14,"{""rozena"": 9, ""shelma"": 5}",
GetACP,KERNEL32,14,"{""rozena"": 9, ""shelma"": 5}",
GetOEMCP,KERNEL32,14,"{""rozena"": 9, ""shelma"": 5}",
GetCPInfo,KERNEL32,14,"{""rozena"": 9, ""shelma"": 5}",
MultiByteToWideChar,KERNEL32,16,"{""rozena"": 11, ""shelma"": 5}",
WideCharToMultiByte,KERNEL32,16,"{""rozena"": 11, ""shelma"": 5}",
GetEnvironmentStringsW,KERNEL32,16,"{""rozena"": 10, ""shelma"": 5, ""shelm"": 1}",
FreeEnvironmentStringsW,KERNEL32,16,"{""rozena"": 10, ""shelma"": 5, ""shelm"": 1}",
SetEnvironmentVariableW,KERNEL32,5,"{""rozena"": 4, ""shelma"": 1}",
SetStdHandle,KERNEL32,15,"{""rozena"": 10, ""shelma"": 5}",
GetStringTypeW,KERNEL32,14,"{""rozena"": 9, ""shelma"": 5}",
GetProcessHeap,KERNEL32,14,"{""rozena"": 9, ""shelma"": 5}",Injection
DecodePointer,KERNEL32,9,"{""rozena"": 5, ""shelma"": 4}",
MessageBoxW,USER32,5,"{""rozena"": 4, ""shelma"": 1}",
ShellExecuteW,SHELL32,4,"{""rozena"": 4}",
CreateWindowExW,USER32,4,"{""shelma"": 1, ""rozena"": 3}",
MessageBoxA,USER32,5,"{""shelma"": 1, ""rozena"": 4}",
SystemParametersInfoW,USER32,1,"{""shelma"": 1}",
DestroyIcon,USER32,8,"{""shelma"": 1, ""rozena"": 7}",
SetWindowLongPtrW,USER32,1,"{""shelma"": 1}",
GetWindowLongPtrW,USER32,1,"{""shelma"": 1}",
GetClientRect,USER32,8,"{""shelma"": 1, ""rozena"": 7}",
InvalidateRect,USER32,8,"{""shelma"": 1, ""rozena"": 7}",
ReleaseDC,USER32,8,"{""shelma"": 1, ""rozena"": 7}",
GetDC,USER32,8,"{""shelma"": 1, ""rozena"": 7}",Spying
DrawTextW,USER32,4,"{""shelma"": 1, ""rozena"": 3}",
GetDialogBaseUnits,USER32,1,"{""shelma"": 1}",
EndDialog,USER32,8,"{""shelma"": 1, ""rozena"": 7}",
DialogBoxIndirectParamW,USER32,4,"{""shelma"": 1, ""rozena"": 3}",
MoveWindow,USER32,8,"{""shelma"": 1, ""rozena"": 7}",
SendMessageW,USER32,4,"{""shelma"": 1, ""rozena"": 3}",
Ordinal_380,COMCTL32,1,"{""shelma"": 1}",
GetFileAttributesExW,KERNEL32,1,"{""shelma"": 1}",
MulDiv,KERNEL32,8,"{""shelma"": 1, ""rozena"": 7}",
SetDllDirectoryW,KERNEL32,1,"{""shelma"": 1}",
ExpandEnvironmentStringsW,KERNEL32,8,"{""shelma"": 5, ""rozena"": 3}",
CreateDirectoryW,KERNEL32,1,"{""shelma"": 1}",
GetTempPathW,KERNEL32,1,"{""shelma"": 1}",
WaitForSingleObject,KERNEL32,21,"{""shelma"": 5, ""rozena"": 15, ""shelm"": 1}",Evasion
GetExitCodeProcess,KERNEL32,6,"{""shelma"": 5, ""rozena"": 1}",
CreateProcessW,KERNEL32,4,"{""shelma"": 1, ""rozena"": 3}",
LocalFree,KERNEL32,9,"{""shelma"": 1, ""rozena"": 8}",
FormatMessageW,KERNEL32,4,"{""shelma"": 1, ""rozena"": 3}",
GetTimeZoneInformation,KERNEL32,9,"{""shelma"": 1, ""rozena"": 8}",
GetEnvironmentVariableW,KERNEL32,4,"{""shelma"": 1, ""rozena"": 3}",
RtlCaptureContext,KERNEL32,5,"{""shelma"": 5}",
RtlLookupFunctionEntry,KERNEL32,5,"{""shelma"": 5}",
RtlVirtualUnwind,KERNEL32,5,"{""shelma"": 5}",
RtlUnwindEx,KERNEL32,5,"{""shelma"": 5}",
RtlPcToFileHeader,KERNEL32,5,"{""shelma"": 5}",
GetDriveTypeW,KERNEL32,4,"{""shelma"": 1, ""rozena"": 3}",
GetFileInformationByHandle,KERNEL32,2,"{""shelma"": 1, ""rozena"": 1}",
PeekNamedPipe,KERNEL32,2,"{""shelma"": 1, ""rozena"": 1}",Helper
SystemTimeToTzSpecificLocalTime,KERNEL32,2,"{""shelma"": 1, ""rozena"": 1}",
FileTimeToSystemTime,KERNEL32,5,"{""shelma"": 1, ""rozena"": 4}",
GetFullPathNameW,KERNEL32,4,"{""shelma"": 1, ""rozena"": 3}",
RemoveDirectoryW,KERNEL32,1,"{""shelma"": 1}",
SetConsoleCtrlHandler,KERNEL32,6,"{""shelma"": 1, ""rozena"": 4, ""shelm"": 1}",
FlsAlloc,KERNEL32,1,"{""shelma"": 1}",
FlsGetValue,KERNEL32,1,"{""shelma"": 1}",
FlsSetValue,KERNEL32,1,"{""shelma"": 1}",
FlsFree,KERNEL32,1,"{""shelma"": 1}",
OpenProcessToken,ADVAPI32,8,"{""shelma"": 1, ""rozena"": 7}",Injection
GetTokenInformation,ADVAPI32,8,"{""shelma"": 1, ""rozena"": 7}",
ConvertStringSecurityDescriptorToSecurityDescriptorW,ADVAPI32,1,"{""shelma"": 1}",
ConvertSidToStringSidW,ADVAPI32,4,"{""shelma"": 1, ""rozena"": 3}",
SelectObject,GDI32,8,"{""shelma"": 1, ""rozena"": 7}",
DeleteObject,GDI32,8,"{""shelma"": 1, ""rozena"": 7}",
CreateFontIndirectW,GDI32,4,"{""shelma"": 1, ""rozena"": 3}",
CreateThread,KERNEL32,15,"{""rozena"": 14, ""shelm"": 1}",Injection
GetModuleHandleA,KERNEL32,10,"{""rozena"": 10}",Evasion
GetStartupInfoA,KERNEL32,10,"{""rozena"": 10}",
InitializeCriticalSection,KERNEL32,14,"{""rozena"": 14}",
IsDBCSLeadByteEx,KERNEL32,2,"{""rozena"": 2}",
LoadLibraryA,KERNEL32,15,"{""rozena"": 14, ""shelm"": 1}",Evasion
OpenProcess,KERNEL32,10,"{""rozena"": 10}",Injection
VirtualFree,KERNEL32,11,"{""rozena"": 10, ""shelm"": 1}",
VirtualProtect,KERNEL32,6,"{""rozena"": 6}",Injection
VirtualQuery,KERNEL32,7,"{""rozena"": 6, ""shelm"": 1}",
__getmainargs,MSVCRT,7,"{""rozena"": 7}",
__p__acmdln,MSVCRT,6,"{""rozena"": 6}",
__p__commode,MSVCRT,6,"{""rozena"": 6}",
__p__fmode,MSVCRT,6,"{""rozena"": 6}",
__set_app_type,MSVCRT,7,"{""rozena"": 7}",
_amsg_exit,MSVCRT,6,"{""rozena"": 6}",
_cexit,MSVCRT,7,"{""rozena"": 6, ""cobaltstrike"": 1}",
_errno,MSVCRT,7,"{""rozena"": 7}",
_initterm,MSVCRT,7,"{""rozena"": 6, ""cobaltstrike"": 1}",
_lock,MSVCRT,2,"{""rozena"": 2}",
_onexit,MSVCRT,7,"{""rozena"": 7}",
_unlock,MSVCRT,2,"{""rozena"": 2}",
abort,MSVCRT,6,"{""rozena"": 6}",
asin,MSVCRT,1,"{""rozena"": 1}",
atoi,MSVCRT,3,"{""rozena"": 3}",
calloc,MSVCRT,7,"{""rozena"": 7}",
exit,MSVCRT,7,"{""rozena"": 7}",
fprintf,MSVCRT,7,"{""rozena"": 7}",
fputc,MSVCRT,2,"{""rozena"": 2}",
free,MSVCRT,7,"{""rozena"": 7}",
fwrite,MSVCRT,6,"{""rozena"": 6}",
localeconv,MSVCRT,2,"{""rozena"": 2}",
malloc,MSVCRT,7,"{""rozena"": 7}",
memcpy,MSVCRT,7,"{""rozena"": 6, ""cobaltstrike"": 1}",
memmove,MSVCRT,6,"{""rozena"": 6}",
memset,MSVCRT,3,"{""rozena"": 2, ""cobaltstrike"": 1}",
rand,MSVCRT,6,"{""rozena"": 6}",
setlocale,MSVCRT,2,"{""rozena"": 2}",
signal,MSVCRT,7,"{""rozena"": 7}",
strchr,MSVCRT,3,"{""rozena"": 3}",
strerror,MSVCRT,3,"{""rozena"": 3}",
strlen,MSVCRT,6,"{""rozena"": 6}",
strncmp,MSVCRT,7,"{""rozena"": 7}",
vfprintf,MSVCRT,6,"{""rozena"": 6}",
wcslen,MSVCRT,3,"{""rozena"": 3}",
SHAutoComplete,SHLWAPI,3,"{""rozena"": 3}",
ColorHLSToRGB,SHLWAPI,3,"{""rozena"": 3}",
ColorRGBToHLS,SHLWAPI,3,"{""rozena"": 3}",
Ordinal_176,SHLWAPI,3,"{""rozena"": 3}",
UrlUnescapeW,SHLWAPI,3,"{""rozena"": 3}",
GetExtendedTcpTable,IPHLPAPI,3,"{""rozena"": 3}",
GetExtendedUdpTable,IPHLPAPI,3,"{""rozena"": 3}",
Ordinal_15,WS2_32,7,"{""rozena"": 7}",
Ordinal_115,WS2_32,7,"{""rozena"": 7}",
Ordinal_8,WS2_32,14,"{""rozena"": 14}",
Ordinal_9,WS2_32,14,"{""rozena"": 14}",
Ordinal_51,WS2_32,7,"{""rozena"": 7}",
Ordinal_14,WS2_32,7,"{""rozena"": 7}",
Ordinal_56,WS2_32,7,"{""rozena"": 7}",
WNetGetConnectionW,MPR,3,"{""rozena"": 3}",
CreatePropertySheetPageW,COMCTL32,3,"{""rozena"": 3}",
Ordinal_413,COMCTL32,3,"{""rozena"": 3}",
Ordinal_410,COMCTL32,3,"{""rozena"": 3}",
CreateStatusWindowW,COMCTL32,3,"{""rozena"": 3}",
ImageList_Create,COMCTL32,7,"{""rozena"": 7}",
PropertySheetW,COMCTL32,3,"{""rozena"": 3}",
Ordinal_17,COMCTL32,7,"{""rozena"": 7}",
ImageList_DrawEx,COMCTL32,3,"{""rozena"": 3}",
ImageList_ReplaceIcon,COMCTL32,7,"{""rozena"": 7}",
ImageList_Add,COMCTL32,3,"{""rozena"": 3}",
InitCommonControlsEx,COMCTL32,3,"{""rozena"": 3}",
ImageList_Destroy,COMCTL32,3,"{""rozena"": 3}",
VerQueryValueW,VERSION,3,"{""rozena"": 3}",
GetFileVersionInfoW,VERSION,3,"{""rozena"": 3}",
GetFileVersionInfoSizeW,VERSION,3,"{""rozena"": 3}",
CredUIPromptForCredentialsW,CREDUI,3,"{""rozena"": 3}",
SetupDiEnumDeviceInterfaces,SETUPAPI,3,"{""rozena"": 3}",
SetupDiGetDeviceInterfaceDetailW,SETUPAPI,3,"{""rozena"": 3}",
SetupDiGetClassDevsW,SETUPAPI,3,"{""rozena"": 3}",
SetupDiDestroyDeviceInfoList,SETUPAPI,3,"{""rozena"": 3}",
CertGetNameStringW,CRYPT32,3,"{""rozena"": 3}",
CertDuplicateCertificateContext,CRYPT32,3,"{""rozena"": 3}",
Ordinal_1,ACLUI,3,"{""rozena"": 3}",
SetSuspendState,POWRPROF,3,"{""rozena"": 3}",
IsPwrHibernateAllowed,POWRPROF,3,"{""rozena"": 3}",
IsPwrSuspendAllowed,POWRPROF,3,"{""rozena"": 3}",
WTSEnumerateSessionsW,WTSAPI32,3,"{""rozena"": 3}",
WTSQuerySessionInformationW,WTSAPI32,3,"{""rozena"": 3}",
WTSSendMessageW,WTSAPI32,3,"{""rozena"": 3}",
WTSDisconnectSession,WTSAPI32,3,"{""rozena"": 3}",
WTSLogoffSession,WTSAPI32,3,"{""rozena"": 3}",
WTSFreeMemory,WTSAPI32,3,"{""rozena"": 3}",
EnableThemeDialogTexture,UXTHEME,3,"{""rozena"": 3}",
NtQueryObject,NTDLL,3,"{""rozena"": 3}",
NtOpenSymbolicLinkObject,NTDLL,3,"{""rozena"": 3}",
NtQuerySystemInformation,NTDLL,3,"{""rozena"": 3}",
NtSetInformationProcess,NTDLL,3,"{""rozena"": 3}",Helper
NtQuerySymbolicLinkObject,NTDLL,3,"{""rozena"": 3}",
NtCreateKey,NTDLL,3,"{""rozena"": 3}",
NtOpenKey,NTDLL,3,"{""rozena"": 3}",
NtResumeProcess,NTDLL,3,"{""rozena"": 3}",Helper
NtOpenThread,NTDLL,3,"{""rozena"": 3}",Injection
NtQuerySemaphore,NTDLL,3,"{""rozena"": 3}",
NtQueryEvent,NTDLL,3,"{""rozena"": 3}",
NtSuspendProcess,NTDLL,3,"{""rozena"": 3}",Injection
NtQueryInformationProcess,NTDLL,7,"{""rozena"": 3, ""shelma"": 4}",Anti-Debugging
NtQueryInformationThread,NTDLL,3,"{""rozena"": 3}",
NtResumeThread,NTDLL,3,"{""rozena"": 3}",Injection
NtSuspendThread,NTDLL,3,"{""rozena"": 3}",
RtlCreateQueryDebugBuffer,NTDLL,3,"{""rozena"": 3}",
RtlQueryProcessDebugInformation,NTDLL,3,"{""rozena"": 3}",
NtLoadDriver,NTDLL,3,"{""rozena"": 3}",
RtlDestroyQueryDebugBuffer,NTDLL,3,"{""rozena"": 3}",
NtQueryMutant,NTDLL,3,"{""rozena"": 3}",
NtQuerySection,NTDLL,3,"{""rozena"": 3}",
CreateEventW,KERNEL32,3,"{""rozena"": 3}",
GetExitCodeThread,KERNEL32,3,"{""rozena"": 3}",
GetTickCount,KERNEL32,7,"{""rozena"": 7}",Anti-Debugging
GlobalAddAtomW,KERNEL32,3,"{""rozena"": 3}",
LocalAlloc,KERNEL32,7,"{""rozena"": 7}",Injection
HeapDestroy,KERNEL32,7,"{""rozena"": 7}",
FindResourceExW,KERNEL32,3,"{""rozena"": 3}",
GlobalAlloc,KERNEL32,7,"{""rozena"": 7}",Injection
GlobalReAlloc,KERNEL32,7,"{""rozena"": 7}",
GlobalLock,KERNEL32,7,"{""rozena"": 7}",
GlobalUnlock,KERNEL32,7,"{""rozena"": 7}",
TerminateThread,KERNEL32,3,"{""rozena"": 3}",Helper
Module32FirstW,KERNEL32,3,"{""rozena"": 3}",
Module32NextW,KERNEL32,3,"{""rozena"": 3}",
GetSystemTime,KERNEL32,3,"{""rozena"": 3}",Anti-Debugging
SystemTimeToFileTime,KERNEL32,4,"{""rozena"": 4}",
IsBadStringPtrW,KERNEL32,3,"{""rozena"": 3}",
OpenEventW,KERNEL32,3,"{""rozena"": 3}",
ReadProcessMemory,KERNEL32,11,"{""rozena"": 7, ""shelma"": 4}",Injection
lstrcmpiW,KERNEL32,3,"{""rozena"": 3}",
VirtualQueryEx,KERNEL32,3,"{""rozena"": 3}",Enumeration
SetFilePointer,KERNEL32,8,"{""rozena"": 8}",
GetSystemDirectoryW,KERNEL32,3,"{""rozena"": 3}",
SearchPathW,KERNEL32,3,"{""rozena"": 3}",
OpenThread,KERNEL32,3,"{""rozena"": 3}",Injection
GetThreadContext,KERNEL32,4,"{""rozena"": 3, ""shelm"": 1}",Injection
SuspendThread,KERNEL32,4,"{""rozena"": 3, ""shelm"": 1}",Injection
ResumeThread,KERNEL32,8,"{""rozena"": 7, ""shelm"": 1}",Injection
Thread32First,KERNEL32,3,"{""rozena"": 3}",Injection
Thread32Next,KERNEL32,3,"{""rozena"": 3}",Injection
ResetEvent,KERNEL32,7,"{""rozena"": 7}",
QueryPerformanceFrequency,KERNEL32,7,"{""rozena"": 7}",Anti-Debugging
IsBadReadPtr,KERNEL32,3,"{""rozena"": 3}",
GlobalFree,KERNEL32,4,"{""rozena"": 4}",
GlobalMemoryStatusEx,KERNEL32,3,"{""rozena"": 3}",
SetProcessWorkingSetSize,KERNEL32,3,"{""rozena"": 3}",
GetProcessId,KERNEL32,3,"{""rozena"": 3}",Enumeration
PulseEvent,KERNEL32,3,"{""rozena"": 3}",
SetPriorityClass,KERNEL32,3,"{""rozena"": 3}",
GetComputerNameW,KERNEL32,3,"{""rozena"": 3}",
ProcessIdToSessionId,KERNEL32,3,"{""rozena"": 3}",
WTSGetActiveConsoleSessionId,KERNEL32,3,"{""rozena"": 3}",
GetLogicalProcessorInformation,KERNEL32,3,"{""rozena"": 3}",Anti-Debugging
GlobalMemoryStatus,KERNEL32,3,"{""rozena"": 3}",
GetProcessAffinityMask,KERNEL32,4,"{""rozena"": 3, ""shelm"": 1}",
SetProcessAffinityMask,KERNEL32,3,"{""rozena"": 3}",
GetProcessWorkingSetSize,KERNEL32,3,"{""rozena"": 3}",
DeviceIoControl,KERNEL32,9,"{""rozena"": 9}",Helper
DuplicateHandle,KERNEL32,9,"{""rozena"": 8, ""shelm"": 1}",
OutputDebugStringW,KERNEL32,3,"{""rozena"": 3}",
CreateJobObjectW,KERNEL32,3,"{""rozena"": 3}",
QueryInformationJobObject,KERNEL32,3,"{""rozena"": 3}",
IsProcessInJob,KERNEL32,3,"{""rozena"": 3}",
GetNativeSystemInfo,KERNEL32,3,"{""rozena"": 3}",Anti-Debugging
ExpandEnvironmentStringsA,KERNEL32,7,"{""rozena"": 7}",
GetCurrentThread,KERNEL32,7,"{""rozena"": 7}",Enumeration
WaitForMultipleObjects,KERNEL32,4,"{""rozena"": 3, ""shelm"": 1}",Evasion
GetPrivateProfileStringW,KERNEL32,3,"{""rozena"": 3}",
FindFirstFileW,KERNEL32,3,"{""rozena"": 3}",
GetFileAttributesW,KERNEL32,3,"{""rozena"": 3}",
Process32NextW,KERNEL32,3,"{""rozena"": 3}",
Process32FirstW,KERNEL32,3,"{""rozena"": 3}",
CreateToolhelp32Snapshot,KERNEL32,3,"{""rozena"": 3}",Anti-Debugging
GetNumberFormatW,KERNEL32,3,"{""rozena"": 3}",
GetDateFormatW,KERNEL32,3,"{""rozena"": 3}",
GetTimeFormatW,KERNEL32,3,"{""rozena"": 3}",
GetLocaleInfoW,KERNEL32,7,"{""rozena"": 7}",
IsWow64Process,KERNEL32,3,"{""rozena"": 3}",
GetSystemWow64DirectoryW,KERNEL32,3,"{""rozena"": 3}",
GetSystemWindowsDirectoryW,KERNEL32,3,"{""rozena"": 3}",
LoadLibraryW,KERNEL32,8,"{""rozena"": 7, ""shelm"": 1}",
CreateFileMappingW,KERNEL32,7,"{""rozena"": 3, ""shelma"": 4}",
lstrlenW,KERNEL32,7,"{""rozena"": 7}",
UnmapViewOfFile,KERNEL32,7,"{""rozena"": 3, ""shelma"": 4}",Helper
MapViewOfFile,KERNEL32,8,"{""rozena"": 4, ""shelma"": 4}",Injection
FormatMessageA,KERNEL32,8,"{""rozena"": 8}",
FileTimeToLocalFileTime,KERNEL32,4,"{""rozena"": 4}",
GetFileTime,KERNEL32,3,"{""rozena"": 3}",Enumeration
SetErrorMode,KERNEL32,9,"{""rozena"": 8, ""shelm"": 1}",
ExitThread,KERNEL32,7,"{""rozena"": 7}",
GetLongPathNameW,KERNEL32,3,"{""rozena"": 3}",
GetVersion,KERNEL32,7,"{""rozena"": 7}",
InterlockedDecrement,KERNEL32,7,"{""rozena"": 7}",
InterlockedIncrement,KERNEL32,7,"{""rozena"": 7}",
lstrlenA,KERNEL32,7,"{""rozena"": 7}",
ReadConsoleInputA,KERNEL32,3,"{""rozena"": 3}",
SetConsoleMode,KERNEL32,3,"{""rozena"": 3}",
IsValidLocale,KERNEL32,7,"{""rozena"": 7}",
GetUserDefaultLCID,KERNEL32,7,"{""rozena"": 7}",
EnumSystemLocalesW,KERNEL32,3,"{""rozena"": 3}",
GetConsoleCP,KERNEL32,12,"{""rozena"": 8, ""shelma"": 4}",
SetEnvironmentVariableA,KERNEL32,7,"{""rozena"": 7}",Evasion
SetEvent,KERNEL32,9,"{""rozena"": 8, ""shelm"": 1}",
GetWindow,USER32,3,"{""rozena"": 3}",
GetGuiResources,USER32,3,"{""rozena"": 3}",
LoadBitmapW,USER32,3,"{""rozena"": 3}",
CopyImage,USER32,3,"{""rozena"": 3}",
GetDesktopWindow,USER32,3,"{""rozena"": 3}",Helper
KillTimer,USER32,7,"{""rozena"": 7}",
MsgWaitForMultipleObjects,USER32,3,"{""rozena"": 3}",
GetDlgCtrlID,USER32,3,"{""rozena"": 3}",
CheckRadioButton,USER32,3,"{""rozena"": 3}",
SendMessageTimeoutW,USER32,3,"{""rozena"": 3}",
PeekMessageW,USER32,3,"{""rozena"": 3}",
IsHungAppWindow,USER32,3,"{""rozena"": 3}",
LockWorkStation,USER32,3,"{""rozena"": 3}",
IsDialogMessageW,USER32,3,"{""rozena"": 3}",
DrawIconEx,USER32,7,"{""rozena"": 7}",
CheckMenuRadioItem,USER32,3,"{""rozena"": 3}",
WindowFromPoint,USER32,3,"{""rozena"": 3}",
RedrawWindow,USER32,7,"{""rozena"": 7}",
EndMenu,USER32,3,"{""rozena"": 3}",
SetMenuInfo,USER32,3,"{""rozena"": 3}",
GetMenuInfo,USER32,3,"{""rozena"": 3}",
TrackPopupMenu,USER32,7,"{""rozena"": 7}",
RemoveMenu,USER32,3,"{""rozena"": 3}",
CreateMenu,USER32,7,"{""rozena"": 7}",
DrawMenuBar,USER32,7,"{""rozena"": 7}",
LoadMenuW,USER32,3,"{""rozena"": 3}",
TranslateAcceleratorW,USER32,3,"{""rozena"": 3}",
LoadAcceleratorsW,USER32,3,"{""rozena"": 3}",
IsWindowEnabled,USER32,3,"{""rozena"": 3}",
GetDlgItemTextW,USER32,3,"{""rozena"": 3}",
CreateDialogParamW,USER32,3,"{""rozena"": 3}",
SetLayeredWindowAttributes,USER32,3,"{""rozena"": 3}",
IsWindow,USER32,3,"{""rozena"": 3}",
PostQuitMessage,USER32,7,"{""rozena"": 7}",
ExitWindowsEx,USER32,3,"{""rozena"": 3}",Anti-Debugging
DispatchMessageW,USER32,3,"{""rozena"": 3}",
TranslateMessage,USER32,7,"{""rozena"": 7}",
GetMessageW,USER32,3,"{""rozena"": 3}",
DrawEdge,USER32,3,"{""rozena"": 3}",
RegisterWindowMessageW,USER32,3,"{""rozena"": 3}",
EndTask,USER32,3,"{""rozena"": 3}",
GetWindowDC,USER32,3,"{""rozena"": 3}",Spying
SetMenuItemInfoW,USER32,3,"{""rozena"": 3}",
IsIconic,USER32,7,"{""rozena"": 7}",
ShowWindowAsync,USER32,3,"{""rozena"": 3}",
GetMonitorInfoW,USER32,3,"{""rozena"": 3}",
MonitorFromPoint,USER32,3,"{""rozena"": 3}",
EnumWindows,USER32,3,"{""rozena"": 3}",Enumeration
SetClassLongW,USER32,3,"{""rozena"": 3}",
ClientToScreen,USER32,7,"{""rozena"": 7}",
GetWindowTextW,USER32,3,"{""rozena"": 3}",
InvalidateRgn,USER32,7,"{""rozena"": 7}",
TrackPopupMenuEx,USER32,3,"{""rozena"": 3}",
ModifyMenuW,USER32,3,"{""rozena"": 3}",
AppendMenuW,USER32,3,"{""rozena"": 3}",
GetMenuItemCount,USER32,3,"{""rozena"": 3}",
GetMenuItemID,USER32,3,"{""rozena"": 3}",
EnableMenuItem,USER32,7,"{""rozena"": 7}",
CreatePopupMenu,USER32,3,"{""rozena"": 3}",
EnableWindow,USER32,3,"{""rozena"": 3}",
IsDlgButtonChecked,USER32,3,"{""rozena"": 3}",
CheckDlgButton,USER32,3,"{""rozena"": 3}",
GetWindowPlacement,USER32,3,"{""rozena"": 3}",
LoadIconW,USER32,3,"{""rozena"": 3}",
SetWindowPlacement,USER32,3,"{""rozena"": 3}",
DefMDIChildProcW,USER32,3,"{""rozena"": 3}",
DefFrameProcW,USER32,3,"{""rozena"": 3}",
DefDlgProcW,USER32,3,"{""rozena"": 3}",
CreateIconIndirect,USER32,3,"{""rozena"": 3}",
FrameRect,USER32,3,"{""rozena"": 3}",
IsWindowVisible,USER32,3,"{""rozena"": 3}",
DestroyWindow,USER32,7,"{""rozena"": 7}",
GetClassNameW,USER32,3,"{""rozena"": 3}",
EnumChildWindows,USER32,3,"{""rozena"": 3}",
PtInRect,USER32,3,"{""rozena"": 3}",
UnionRect,USER32,3,"{""rozena"": 3}",
CopyRect,USER32,3,"{""rozena"": 3}",
ScreenToClient,USER32,7,"{""rozena"": 7}",
EmptyClipboard,USER32,7,"{""rozena"": 7}",
SetClipboardData,USER32,7,"{""rozena"": 7}",Helper
CloseClipboard,USER32,7,"{""rozena"": 7}",
OpenClipboard,USER32,7,"{""rozena"": 7}",Helper
IsZoomed,USER32,7,"{""rozena"": 7}",
DeferWindowPos,USER32,3,"{""rozena"": 3}",
BeginDeferWindowPos,USER32,3,"{""rozena"": 3}",
DrawFrameControl,USER32,3,"{""rozena"": 3}",
ChildWindowFromPoint,USER32,7,"{""rozena"": 7}",
SetDlgItemTextW,USER32,3,"{""rozena"": 3}",
DialogBoxParamW,USER32,3,"{""rozena"": 3}",
SetWindowTextW,USER32,3,"{""rozena"": 3}",
GetDlgItem,USER32,7,"{""rozena"": 7}",
GetScrollInfo,USER32,3,"{""rozena"": 3}",
SetScrollInfo,USER32,3,"{""rozena"": 3}",
GetParent,USER32,7,"{""rozena"": 7}",
GetClassLongW,USER32,3,"{""rozena"": 3}",
SetWindowLongW,USER32,3,"{""rozena"": 3}",
GetWindowLongW,USER32,3,"{""rozena"": 3}",
OffsetRect,USER32,3,"{""rozena"": 3}",
IntersectRect,USER32,3,"{""rozena"": 3}",
InflateRect,USER32,7,"{""rozena"": 7}",
FillRect,USER32,7,"{""rozena"": 7}",
GetSysColorBrush,USER32,7,"{""rozena"": 7}",
GetSysColor,USER32,7,"{""rozena"": 7}",
MapWindowPoints,USER32,3,"{""rozena"": 3}",
GetCursorPos,USER32,7,"{""rozena"": 7}",
GetWindowRect,USER32,7,"{""rozena"": 7}",
GetPropW,USER32,3,"{""rozena"": 3}",
SetPropW,USER32,3,"{""rozena"": 3}",
ScrollWindowEx,USER32,3,"{""rozena"": 3}",
ValidateRect,USER32,3,"{""rozena"": 3}",
GetUpdateRgn,USER32,3,"{""rozena"": 3}",
GetUpdateRect,USER32,3,"{""rozena"": 3}",
EndPaint,USER32,3,"{""rozena"": 3}",
BeginPaint,USER32,3,"{""rozena"": 3}",
UpdateWindow,USER32,7,"{""rozena"": 7}",
SetTimer,USER32,7,"{""rozena"": 7}",Evasion
ReleaseCapture,USER32,7,"{""rozena"": 7}",
SetCapture,USER32,7,"{""rozena"": 7}",
GetCapture,USER32,3,"{""rozena"": 3}",
GetKeyState,USER32,3,"{""rozena"": 3}",Spying
GetFocus,USER32,7,"{""rozena"": 7}",
SetWindowPos,USER32,7,"{""rozena"": 7}",
RegisterClassExW,USER32,3,"{""rozena"": 3}",
CallWindowProcW,USER32,3,"{""rozena"": 3}",
DefWindowProcW,USER32,3,"{""rozena"": 3}",
PostMessageW,USER32,3,"{""rozena"": 3}",
LoadStringW,USER32,3,"{""rozena"": 3}",
EnumDisplaySettingsW,USER32,3,"{""rozena"": 3}",
LoadImageW,USER32,3,"{""rozena"": 3}",
LoadCursorW,USER32,3,"{""rozena"": 3}",
GetWindowThreadProcessId,USER32,3,"{""rozena"": 3}",
FindWindowExW,USER32,3,"{""rozena"": 3}",
FindWindowW,USER32,3,"{""rozena"": 3}",
WaitForInputIdle,USER32,3,"{""rozena"": 3}",
ShowWindow,USER32,7,"{""rozena"": 7}",Helper
SetFocus,USER32,7,"{""rozena"": 7}",Helper
GetSystemMetrics,USER32,7,"{""rozena"": 7}",
GetMenu,USER32,7,"{""rozena"": 7}",
CheckMenuItem,USER32,7,"{""rozena"": 7}",
GetSubMenu,USER32,7,"{""rozena"": 7}",
InsertMenuW,USER32,3,"{""rozena"": 3}",
SetCursor,USER32,7,"{""rozena"": 7}",
SetForegroundWindow,USER32,3,"{""rozena"": 3}",Helper
DeleteMenu,USER32,3,"{""rozena"": 3}",
EndDeferWindowPos,USER32,3,"{""rozena"": 3}",
GetBkColor,GDI32,7,"{""rozena"": 7}",
CreateRectRgnIndirect,GDI32,3,"{""rozena"": 3}",
CreateSolidBrush,GDI32,7,"{""rozena"": 7}",
DeleteDC,GDI32,7,"{""rozena"": 7}",
GetBkMode,GDI32,3,"{""rozena"": 3}",
GetDeviceCaps,GDI32,7,"{""rozena"": 7}",
GetStockObject,GDI32,7,"{""rozena"": 7}",
RectInRegion,GDI32,3,"{""rozena"": 3}",
StartDocW,GDI32,3,"{""rozena"": 3}",
CreateRectRgn,GDI32,3,"{""rozena"": 3}",
CreatePen,GDI32,3,"{""rozena"": 3}",
CreateCompatibleDC,GDI32,7,"{""rozena"": 7}",
CreateCompatibleBitmap,GDI32,3,"{""rozena"": 3}",
BitBlt,GDI32,3,"{""rozena"": 3}",Spying
GetObjectW,GDI32,3,"{""rozena"": 3}",
CreateDIBSection,GDI32,3,"{""rozena"": 3}",
SetMapMode,GDI32,7,"{""rozena"": 7}",
Polyline,GDI32,3,"{""rozena"": 3}",
GetTextMetricsW,GDI32,3,"{""rozena"": 3}",
SetTextColor,GDI32,7,"{""rozena"": 7}",
SetBkMode,GDI32,7,"{""rozena"": 7}",
SetBkColor,GDI32,7,"{""rozena"": 7}",
SelectClipRgn,GDI32,3,"{""rozena"": 3}",
CreateBitmap,GDI32,3,"{""rozena"": 3}",
MoveToEx,GDI32,3,"{""rozena"": 3}",
SetROP2,GDI32,3,"{""rozena"": 3}",
SaveDC,GDI32,3,"{""rozena"": 3}",
RestoreDC,GDI32,3,"{""rozena"": 3}",
Rectangle,GDI32,3,"{""rozena"": 3}",
LineTo,GDI32,3,"{""rozena"": 3}",
ExtTextOutW,GDI32,3,"{""rozena"": 3}",
SetTextAlign,GDI32,3,"{""rozena"": 3}",
GetTextExtentPoint32W,GDI32,3,"{""rozena"": 3}",
EndPage,GDI32,7,"{""rozena"": 7}",
StartPage,GDI32,7,"{""rozena"": 7}",
EndDoc,GDI32,7,"{""rozena"": 7}",
FindTextW,COMDLG32,3,"{""rozena"": 3}",
ChooseColorW,COMDLG32,3,"{""rozena"": 3}",
GetSaveFileNameW,COMDLG32,3,"{""rozena"": 3}",
GetOpenFileNameW,COMDLG32,3,"{""rozena"": 3}",
PrintDlgW,COMDLG32,3,"{""rozena"": 3}",
CommDlgExtendedError,COMDLG32,3,"{""rozena"": 3}",
ChooseFontW,COMDLG32,3,"{""rozena"": 3}",
RegOpenKeyExA,ADVAPI32,7,"{""rozena"": 7}",Helper
RegQueryValueExA,ADVAPI32,7,"{""rozena"": 7}",Enumeration
EnumServicesStatusExW,ADVAPI32,3,"{""rozena"": 3}",
LookupPrivilegeNameW,ADVAPI32,3,"{""rozena"": 3}",
AdjustTokenPrivileges,ADVAPI32,7,"{""rozena"": 7}",Injection
SetKernelObjectSecurity,ADVAPI32,3,"{""rozena"": 3}",
GetKernelObjectSecurity,ADVAPI32,3,"{""rozena"": 3}",
EqualSid,ADVAPI32,7,"{""rozena"": 7}",
AllocateAndInitializeSid,ADVAPI32,8,"{""rozena"": 8}",
FreeSid,ADVAPI32,8,"{""rozena"": 8}",
LookupAccountSidW,ADVAPI32,3,"{""rozena"": 3}",
LookupAccountNameW,ADVAPI32,3,"{""rozena"": 3}",
LookupPrivilegeValueW,ADVAPI32,3,"{""rozena"": 3}",
CreateProcessAsUserW,ADVAPI32,3,"{""rozena"": 3}",
RegConnectRegistryW,ADVAPI32,3,"{""rozena"": 3}",
FlushTraceW,ADVAPI32,3,"{""rozena"": 3}",
LsaEnumerateAccountRights,ADVAPI32,3,"{""rozena"": 3}",
LsaOpenPolicy,ADVAPI32,3,"{""rozena"": 3}",
LsaClose,ADVAPI32,3,"{""rozena"": 3}",
LsaFreeMemory,ADVAPI32,3,"{""rozena"": 3}",
GetSecurityInfo,ADVAPI32,3,"{""rozena"": 3}",
CreateRestrictedToken,ADVAPI32,3,"{""rozena"": 3}",
AddAccessAllowedAce,ADVAPI32,3,"{""rozena"": 3}",
GetAce,ADVAPI32,3,"{""rozena"": 3}",
AddAce,ADVAPI32,3,"{""rozena"": 3}",
InitializeAcl,ADVAPI32,3,"{""rozena"": 3}",
ImpersonateLoggedOnUser,ADVAPI32,3,"{""rozena"": 3}",Helper
DuplicateTokenEx,ADVAPI32,3,"{""rozena"": 3}",
RegCreateKeyExW,ADVAPI32,3,"{""rozena"": 3}",
RegDeleteKeyW,ADVAPI32,3,"{""rozena"": 3}",
RegEnumKeyW,ADVAPI32,3,"{""rozena"": 3}",
RegEnumValueW,ADVAPI32,3,"{""rozena"": 3}",
GetSidSubAuthorityCount,ADVAPI32,3,"{""rozena"": 3}",
GetSidSubAuthority,ADVAPI32,3,"{""rozena"": 3}",
GetSidIdentifierAuthority,ADVAPI32,3,"{""rozena"": 3}",
IsValidSid,ADVAPI32,3,"{""rozena"": 3}",
SetTokenInformation,ADVAPI32,3,"{""rozena"": 3}",
QueryServiceConfigW,ADVAPI32,3,"{""rozena"": 3}",
CopySid,ADVAPI32,3,"{""rozena"": 3}",
GetLengthSid,ADVAPI32,3,"{""rozena"": 3}",
CloseTrace,ADVAPI32,3,"{""rozena"": 3}",
ProcessTrace,ADVAPI32,3,"{""rozena"": 3}",
OpenTraceW,ADVAPI32,3,"{""rozena"": 3}",
ControlTraceW,ADVAPI32,3,"{""rozena"": 3}",
SetSecurityInfo,ADVAPI32,3,"{""rozena"": 3}",
RevertToSelf,ADVAPI32,3,"{""rozena"": 3}",
RegLoadKeyW,ADVAPI32,3,"{""rozena"": 3}",
StartTraceW,ADVAPI32,3,"{""rozena"": 3}",
SetServiceObjectSecurity,ADVAPI32,3,"{""rozena"": 3}",
QueryServiceObjectSecurity,ADVAPI32,3,"{""rozena"": 3}",
MapGenericMask,ADVAPI32,3,"{""rozena"": 3}",
RegOpenKeyW,ADVAPI32,3,"{""rozena"": 3}",
RegOpenKeyExW,ADVAPI32,3,"{""rozena"": 3}",
RegQueryInfoKeyW,ADVAPI32,3,"{""rozena"": 3}",
RegQueryValueExW,ADVAPI32,3,"{""rozena"": 3}",
RegSetValueExW,ADVAPI32,3,"{""rozena"": 3}",
RegUnLoadKeyW,ADVAPI32,3,"{""rozena"": 3}",
RegQueryValueW,ADVAPI32,3,"{""rozena"": 3}",
CryptAcquireContextW,ADVAPI32,3,"{""rozena"": 3}",
CryptReleaseContext,ADVAPI32,3,"{""rozena"": 3}",Ransomware
CryptGetHashParam,ADVAPI32,3,"{""rozena"": 3}",Ransomware
CryptCreateHash,ADVAPI32,3,"{""rozena"": 3}",Ransomware
CryptHashData,ADVAPI32,3,"{""rozena"": 3}",Ransomware
RegCloseKey,ADVAPI32,7,"{""rozena"": 7}",Helper
CryptDestroyHash,ADVAPI32,3,"{""rozena"": 3}",Ransomware
RegDeleteValueW,ADVAPI32,3,"{""rozena"": 3}",
CloseServiceHandle,ADVAPI32,3,"{""rozena"": 3}",
GetServiceDisplayNameW,ADVAPI32,3,"{""rozena"": 3}",
OpenSCManagerW,ADVAPI32,3,"{""rozena"": 3}",
OpenServiceW,ADVAPI32,3,"{""rozena"": 3}",
QueryServiceConfig2W,ADVAPI32,3,"{""rozena"": 3}",
ControlService,ADVAPI32,3,"{""rozena"": 3}",Helper
QueryServiceStatus,ADVAPI32,3,"{""rozena"": 3}",
StartServiceW,ADVAPI32,3,"{""rozena"": 3}",
RegCreateKeyW,ADVAPI32,3,"{""rozena"": 3}",
SHGetMalloc,SHELL32,3,"{""rozena"": 3}",
SHGetPathFromIDListW,SHELL32,3,"{""rozena"": 3}",
SHGetSpecialFolderLocation,SHELL32,3,"{""rozena"": 3}",
SHBrowseForFolderW,SHELL32,3,"{""rozena"": 3}",
Shell_NotifyIconW,SHELL32,3,"{""rozena"": 3}",
ShellExecuteExW,SHELL32,3,"{""rozena"": 3}",
SHGetFolderPathW,SHELL32,3,"{""rozena"": 3}",
SHGetFileInfoW,SHELL32,3,"{""rozena"": 3}",
CoInitializeEx,OLE32,3,"{""rozena"": 3}",
CoCreateInstance,OLE32,7,"{""rozena"": 7}",
CoUninitialize,OLE32,3,"{""rozena"": 3}",
CoTaskMemFree,OLE32,3,"{""rozena"": 3}",
CoMarshalInterThreadInterfaceInStream,OLE32,3,"{""rozena"": 3}",
CoGetInterfaceAndReleaseStream,OLE32,3,"{""rozena"": 3}",
CoInitialize,OLE32,7,"{""rozena"": 7}",
CoSetProxyBlanket,OLE32,7,"{""rozena"": 7}",
Ordinal_10,OLEAUT32,3,"{""rozena"": 3}",
Ordinal_4,OLEAUT32,11,"{""rozena"": 11}",
Ordinal_25,OLEAUT32,4,"{""rozena"": 4}",
Ordinal_24,OLEAUT32,4,"{""rozena"": 4}",
Ordinal_23,OLEAUT32,8,"{""rozena"": 8}",
Ordinal_20,OLEAUT32,4,"{""rozena"": 4}",
Ordinal_2,OLEAUT32,7,"{""rozena"": 7}",
Ordinal_6,OLEAUT32,11,"{""rozena"": 11}",
Ordinal_7,OLEAUT32,6,"{""rozena"": 6}",
Ordinal_150,OLEAUT32,7,"{""rozena"": 7}",
Ordinal_12,OLEAUT32,8,"{""rozena"": 8}",
Ordinal_16,OLEAUT32,8,"{""rozena"": 8}",
Ordinal_19,OLEAUT32,8,"{""rozena"": 8}",
WinHttpReadData,WINHTTP,3,"{""rozena"": 3}",
WinHttpGetProxyForUrl,WINHTTP,3,"{""rozena"": 3}",
WinHttpQueryHeaders,WINHTTP,3,"{""rozena"": 3}",
WinHttpReceiveResponse,WINHTTP,3,"{""rozena"": 3}",
WinHttpSendRequest,WINHTTP,3,"{""rozena"": 3}",
WinHttpOpenRequest,WINHTTP,3,"{""rozena"": 3}",
WinHttpOpen,WINHTTP,3,"{""rozena"": 3}",
WinHttpCloseHandle,WINHTTP,3,"{""rozena"": 3}",
WinHttpConnect,WINHTTP,3,"{""rozena"": 3}",
WinHttpWriteData,WINHTTP,3,"{""rozena"": 3}",
WinHttpQueryDataAvailable,WINHTTP,3,"{""rozena"": 3}",
WinHttpSetOption,WINHTTP,3,"{""rozena"": 3}",
GetMappedFileNameW,PSAPI,3,"{""rozena"": 3}",
QueryWorkingSet,PSAPI,3,"{""rozena"": 3}",
GetModuleFileNameExW,PSAPI,3,"{""rozena"": 3}",
BCryptGenRandom,BCRYPT,4,"{""shelma"": 4}",
RtlDestroyProcessParameters,NTDLL,4,"{""shelma"": 4}",
RtlCreateProcessParametersEx,NTDLL,4,"{""shelma"": 4}",
NtClose,NTDLL,4,"{""shelma"": 4}",Helper
NtCreateThreadEx,NTDLL,4,"{""shelma"": 4}",Injection
NtCreateSection,NTDLL,4,"{""shelma"": 4}",Injection
NtCreateProcessEx,NTDLL,4,"{""shelma"": 4}",Injection
WriteProcessMemory,KERNEL32,4,"{""shelma"": 4}",Injection
FlushViewOfFile,KERNEL32,4,"{""shelma"": 4}",
VirtualAllocEx,KERNEL32,4,"{""shelma"": 4}",Injection
acos,MSVCRT,1,"{""rozena"": 1}",
CreateEventA,KERNEL32,8,"{""rozena"": 7, ""shelm"": 1}",
SleepEx,KERNEL32,3,"{""rozena"": 3}",Anti-Debugging
GetFileVersionInfoA,VERSION,4,"{""rozena"": 4}",
GetFileVersionInfoSizeA,VERSION,4,"{""rozena"": 4}",
VerQueryValueA,VERSION,4,"{""rozena"": 4}",
Ordinal_52,WS2_32,4,"{""rozena"": 4}",
Ordinal_111,WS2_32,4,"{""rozena"": 4}",
Ordinal_3,WS2_32,4,"{""rozena"": 4}",
Ordinal_57,WS2_32,4,"{""rozena"": 4}",
SetTcpEntry,IPHLPAPI,4,"{""rozena"": 4}",
GetTcpTable,IPHLPAPI,4,"{""rozena"": 4}",
GetUdpTable,IPHLPAPI,4,"{""rozena"": 4}",
CreateToolbarEx,COMCTL32,4,"{""rozena"": 4}",
GetModuleFileNameExA,PSAPI,4,"{""rozena"": 4}",Helper
GetModuleFileNameA,KERNEL32,5,"{""rozena"": 5}",Helper
GetNumberFormatA,KERNEL32,4,"{""rozena"": 4}",
GetLocaleInfoA,KERNEL32,4,"{""rozena"": 4}",
GetUserDefaultLangID,KERNEL32,4,"{""rozena"": 4}",
GetEnvironmentStrings,KERNEL32,4,"{""rozena"": 4}",
FreeEnvironmentStringsA,KERNEL32,4,"{""rozena"": 4}",
SetHandleCount,KERNEL32,4,"{""rozena"": 4}",
HeapCreate,KERNEL32,4,"{""rozena"": 4}",Injection
FatalAppExitA,KERNEL32,4,"{""rozena"": 4}",
LCMapStringA,KERNEL32,4,"{""rozena"": 4}",
GetVersionExA,KERNEL32,5,"{""rozena"": 5}",Enumeration
GetStringTypeA,KERNEL32,4,"{""rozena"": 4}",
GetTimeFormatA,KERNEL32,4,"{""rozena"": 4}",
GetDateFormatA,KERNEL32,4,"{""rozena"": 4}",
EnumSystemLocalesA,KERNEL32,4,"{""rozena"": 4}",Ransomware
InterlockedExchange,KERNEL32,4,"{""rozena"": 4}",
WriteConsoleA,KERNEL32,4,"{""rozena"": 4}",
CompareStringA,KERNEL32,4,"{""rozena"": 4}",
GetMessageA,USER32,4,"{""rozena"": 4}",Spying
TranslateAcceleratorA,USER32,4,"{""rozena"": 4}",
DispatchMessageA,USER32,4,"{""rozena"": 4}",
RegisterClassA,USER32,4,"{""rozena"": 4}",
LoadMenuA,USER32,4,"{""rozena"": 4}",
InsertMenuA,USER32,4,"{""rozena"": 4}",
SetMenuItemInfoA,USER32,4,"{""rozena"": 4}",
LoadStringA,USER32,4,"{""rozena"": 4}",
DialogBoxParamA,USER32,4,"{""rozena"": 4}",
SetDlgItemTextA,USER32,4,"{""rozena"": 4}",
SetWindowLongA,USER32,4,"{""rozena"": 4}",Helper
GetWindowLongA,USER32,4,"{""rozena"": 4}",
CreateWindowExA,USER32,4,"{""rozena"": 4}",Evasion
CallWindowProcA,USER32,4,"{""rozena"": 4}",Helper
LoadAcceleratorsA,USER32,4,"{""rozena"": 4}",
LoadIconA,USER32,4,"{""rozena"": 4}",
DrawTextA,USER32,4,"{""rozena"": 4}",
PostMessageA,USER32,4,"{""rozena"": 4}",Spying
DefWindowProcA,USER32,4,"{""rozena"": 4}",
DialogBoxIndirectParamA,USER32,4,"{""rozena"": 4}",
SetWindowTextA,USER32,4,"{""rozena"": 4}",
LoadCursorA,USER32,4,"{""rozena"": 4}",
SendMessageA,USER32,4,"{""rozena"": 4}",Spying
GetTextMetricsA,GDI32,4,"{""rozena"": 4}",
StartDocA,GDI32,4,"{""rozena"": 4}",
CreateFontIndirectA,GDI32,4,"{""rozena"": 4}",
GetObjectA,GDI32,4,"{""rozena"": 4}",
ChooseFontA,COMDLG32,4,"{""rozena"": 4}",
GetSaveFileNameA,COMDLG32,4,"{""rozena"": 4}",
PrintDlgA,COMDLG32,4,"{""rozena"": 4}",
LookupPrivilegeValueA,ADVAPI32,4,"{""rozena"": 4}",Enumeration
ConvertSidToStringSidA,ADVAPI32,4,"{""rozena"": 4}",
FlushTraceA,ADVAPI32,4,"{""rozena"": 4}",
RegCreateKeyA,ADVAPI32,4,"{""rozena"": 4}",Helper
RegSetValueExA,ADVAPI32,4,"{""rozena"": 4}",Helper
RegOpenKeyA,ADVAPI32,4,"{""rozena"": 4}",Helper
ShellExecuteExA,SHELL32,4,"{""rozena"": 4}",Internet
ShellExecuteA,SHELL32,4,"{""rozena"": 4}",Internet
SHGetFileInfoA,SHELL32,4,"{""rozena"": 4}",
CommandLineToArgvW,SHELL32,4,"{""rozena"": 4}",
Ordinal_202,OLEAUT32,4,"{""rozena"": 4}",
Ordinal_149,OLEAUT32,4,"{""rozena"": 4}",
Ordinal_200,OLEAUT32,4,"{""rozena"": 4}",
Ordinal_201,OLEAUT32,4,"{""rozena"": 4}",
_XcptFilter,MSVCRT,1,"{""rozena"": 1}",
_exit,MSVCRT,1,"{""rozena"": 1}",
strrchr,MSVCRT,1,"{""rozena"": 1}",
wcsncmp,MSVCRT,1,"{""rozena"": 1}",
_close,MSVCRT,1,"{""rozena"": 1}",
wcscpy,MSVCRT,1,"{""rozena"": 1}",
modf,MSVCRT,1,"{""rozena"": 1}",
strspn,MSVCRT,1,"{""rozena"": 1}",
realloc,MSVCRT,1,"{""rozena"": 1}",
strstr,MSVCRT,1,"{""rozena"": 1}",
strncpy,MSVCRT,1,"{""rozena"": 1}",
qsort,MSVCRT,1,"{""rozena"": 1}",
fopen,MSVCRT,1,"{""rozena"": 1}",
perror,MSVCRT,1,"{""rozena"": 1}",
fclose,MSVCRT,1,"{""rozena"": 1}",
fflush,MSVCRT,1,"{""rozena"": 1}",
printf,MSVCRT,1,"{""rozena"": 1}",
_isctype,MSVCRT,1,"{""rozena"": 1}",
_controlfp,MSVCRT,1,"{""rozena"": 1}",
_strdup,MSVCRT,1,"{""rozena"": 1}",
_strnicmp,MSVCRT,1,"{""rozena"": 1}",
ReleaseMutex,KERNEL32,2,"{""rozena"": 2}",
CreateMutexA,KERNEL32,2,"{""rozena"": 2}",Helper
SetHandleInformation,KERNEL32,1,"{""rozena"": 1}",
GetOverlappedResult,KERNEL32,1,"{""rozena"": 1}",
GetComputerNameA,KERNEL32,1,"{""rozena"": 1}",Anti-Debugging
CreateActCtxA,KERNEL32,1,"{""rozena"": 1}",
ActivateActCtx,KERNEL32,1,"{""rozena"": 1}",
DeactivateActCtx,KERNEL32,1,"{""rozena"": 1}",
ReleaseActCtx,KERNEL32,1,"{""rozena"": 1}",
CreateFileMappingA,KERNEL32,1,"{""rozena"": 1}",Evasion
InterlockedFlushSList,KERNEL32,1,"{""rozena"": 1}",
FindFirstFileExA,KERNEL32,1,"{""rozena"": 1}",
FindNextFileA,KERNEL32,1,"{""rozena"": 1}",Enumeration
atan,MSVCRT,1,"{""rozena"": 1}",
SwitchToThread,KERNEL32,1,"{""shelm"": 1}",
SetWaitableTimer,KERNEL32,1,"{""shelm"": 1}",Evasion
SetProcessPriorityBoost,KERNEL32,1,"{""shelm"": 1}",
PostQueuedCompletionStatus,KERNEL32,1,"{""shelm"": 1}",
SetThreadContext,KERNEL32,1,"{""shelm"": 1}",Injection
GetSystemInfo,KERNEL32,1,"{""shelm"": 1}",
GetSystemDirectoryA,KERNEL32,1,"{""shelm"": 1}",Enumeration
GetQueuedCompletionStatusEx,KERNEL32,1,"{""shelm"": 1}",
CreateWaitableTimerExW,KERNEL32,1,"{""shelm"": 1}",
CreateIoCompletionPort,KERNEL32,1,"{""shelm"": 1}",
AddVectoredExceptionHandler,KERNEL32,1,"{""shelm"": 1}",
__std_type_info_destroy_list,VCRUNTIME140,1,"{""cobaltstrike"": 1}",
_except_handler4_common,VCRUNTIME140,1,"{""cobaltstrike"": 1}",
_configure_narrow_argv,API-MS-WIN-CRT-RUNTIME-L1-1-0,1,"{""cobaltstrike"": 1}",
_execute_onexit_table,API-MS-WIN-CRT-RUNTIME-L1-1-0,1,"{""cobaltstrike"": 1}",
_initialize_narrow_environment,API-MS-WIN-CRT-RUNTIME-L1-1-0,1,"{""cobaltstrike"": 1}",
_initialize_onexit_table,API-MS-WIN-CRT-RUNTIME-L1-1-0,1,"{""cobaltstrike"": 1}",
_initterm_e,API-MS-WIN-CRT-RUNTIME-L1-1-0,1,"{""cobaltstrike"": 1}",
_seh_filter_dll,API-MS-WIN-CRT-RUNTIME-L1-1-0,1,"{""cobaltstrike"": 1}",
